{"cameraMode":{"drawMode":0,"name":"Shaded","section":"Shading Mode"},"sceneLighting":false,"audioPlay":false,"sceneViewState":{"showFog":true,"showMaterialUpdate":true,"showSkybox":false,"showFlares":true,"showImageEffects":true,"showParticleSystems":true,"showVisualEffectGraphs":true,"m_FxEnabled":true},"in2DMode":false,"pivot":{"x":-0.012512445449829102,"y":-0.04827457666397095,"z":0.011106610298156739},"rotation":{"x":-0.06806620210409165,"y":-0.8994512557983398,"z":0.15144464373588563,"w":-0.4042557179927826},"size":0.9247449040412903,"orthographic":false}