{"cameraMode":{"drawMode":0,"name":"Shaded","section":"Shading Mode"},"sceneLighting":true,"audioPlay":false,"sceneViewState":{"showFog":false,"showMaterialUpdate":false,"showSkybox":false,"showFlares":false,"showImageEffects":false,"showParticleSystems":false},"in2DMode":false,"pivot":{"x":1.3362300395965577,"y":-0.6333186626434326,"z":-0.7935757040977478},"rotation":{"x":-0.13752605020999909,"y":-0.7319855690002441,"z":0.15510651469230653,"w":-0.6490195989608765},"size":5.541659355163574,"orthographic":false}