{"cameraMode":{"drawMode":0,"name":"Shaded","section":"Shading Mode"},"sceneLighting":false,"audioPlay":false,"sceneViewState":{"showFog":false,"showMaterialUpdate":false,"showSkybox":false,"showFlares":false,"showImageEffects":false,"showParticleSystems":false},"in2DMode":false,"pivot":{"x":-0.6656179428100586,"y":-0.5208824872970581,"z":-0.3331880569458008},"rotation":{"x":-0.02832166478037834,"y":0.8090238571166992,"z":-0.03911389410495758,"w":-0.5857903957366943},"size":2.258341073989868,"orthographic":false}