{"cameraMode":{"drawMode":0,"name":"Shaded","section":"Shading Mode"},"sceneLighting":false,"audioPlay":false,"sceneViewState":{"showFog":false,"showMaterialUpdate":false,"showSkybox":false,"showFlares":false,"showImageEffects":false,"showParticleSystems":false},"in2DMode":false,"pivot":{"x":1.1828573942184449,"y":-0.8488720655441284,"z":-1.8129360675811768},"rotation":{"x":0.04056668281555176,"y":0.9594298601150513,"z":-0.19879457354545594,"w":0.19578611850738526},"size":4.657884120941162,"orthographic":false}