{"cameraMode":{"drawMode":0,"name":"Shaded","section":"Shading Mode"},"sceneLighting":true,"audioPlay":false,"sceneViewState":{"showFog":true,"showMaterialUpdate":true,"showSkybox":true,"showFlares":true,"showImageEffects":true,"showParticleSystems":true,"showVisualEffectGraphs":true,"m_FxEnabled":true},"in2DMode":false,"pivot":{"x":-1.7609567642211915,"y":3.4354944229125978,"z":-7.192567825317383},"rotation":{"x":0.29180800914764407,"y":0.22286196053028108,"z":-0.07011536508798599,"w":0.9275102019309998},"size":12.12435531616211,"orthographic":false}