{"cameraMode":{"drawMode":0,"name":"Shaded","section":"Shading Mode"},"sceneLighting":true,"audioPlay":false,"sceneViewState":{"showFog":true,"showMaterialUpdate":true,"showSkybox":true,"showFlares":true,"showImageEffects":true,"showParticleSystems":true,"showVisualEffectGraphs":true,"m_FxEnabled":true},"in2DMode":false,"pivot":{"x":-0.18864715099334718,"y":-1.8417677879333497,"z":-0.9779284000396729},"rotation":{"x":0.29180800914764407,"y":0.22286196053028108,"z":-0.07011536508798599,"w":0.9275102019309998},"size":2.0364997386932375,"orthographic":false}