{"cameraMode":{"drawMode":0,"name":"Shaded","section":"Shading Mode"},"sceneLighting":false,"audioPlay":false,"sceneViewState":{"showFog":true,"showMaterialUpdate":true,"showSkybox":false,"showFlares":true,"showImageEffects":true,"showParticleSystems":true,"showVisualEffectGraphs":true,"m_FxEnabled":true},"in2DMode":false,"pivot":{"x":0.0448305606842041,"y":0.012697100639343262,"z":0.011892199516296387},"rotation":{"x":0.13617147505283357,"y":0.7830655574798584,"z":-0.18443116545677186,"w":0.5781562924385071},"size":0.141421377658844,"orthographic":false}