{"cameraMode":{"drawMode":0,"name":"Shaded","section":"Shading Mode"},"sceneLighting":false,"audioPlay":false,"sceneViewState":{"showFog":true,"showMaterialUpdate":true,"showSkybox":false,"showFlares":true,"showImageEffects":true,"showParticleSystems":true,"showVisualEffectGraphs":true,"m_FxEnabled":true},"in2DMode":false,"pivot":{"x":-0.3247745633125305,"y":-0.13615000247955323,"z":0.6393826603889465},"rotation":{"x":0.2128717452287674,"y":-0.6063225865364075,"z":0.17291413247585298,"w":0.7464359998703003},"size":1.4660253524780274,"orthographic":false}